sistema,procesador,compilador,opciones,filas,columnas,iteraciones,semilla,humedad,direccion,viento,repeticion,segundos,pasos_con_fuego,checksum,compilacion,ejecucion
Darwin,Apple M2 (arm64),Apple clang version 21.0.0 (clang-2100.1.1.101),-O2,800,800,160,42,0.28,E,0.6,1,1.094133,160,d9171c550a68a569,make -B CXX=g++ CXXFLAGS=-O2 -std=c++17 -Wall -Wextra -pedantic,./incendio --measure --rows 800 --cols 800 --steps 160 --seed 42 --moisture .28 --wind-dir E --wind .6
Darwin,Apple M2 (arm64),Apple clang version 21.0.0 (clang-2100.1.1.101),-O2,800,800,160,42,0.28,E,0.6,2,1.092452,160,d9171c550a68a569,make -B CXX=g++ CXXFLAGS=-O2 -std=c++17 -Wall -Wextra -pedantic,./incendio --measure --rows 800 --cols 800 --steps 160 --seed 42 --moisture .28 --wind-dir E --wind .6
Darwin,Apple M2 (arm64),Apple clang version 21.0.0 (clang-2100.1.1.101),-O2,800,800,160,42,0.28,E,0.6,3,1.110109,160,d9171c550a68a569,make -B CXX=g++ CXXFLAGS=-O2 -std=c++17 -Wall -Wextra -pedantic,./incendio --measure --rows 800 --cols 800 --steps 160 --seed 42 --moisture .28 --wind-dir E --wind .6
Darwin,Apple M2 (arm64),Apple clang version 21.0.0 (clang-2100.1.1.101),-O2,1600,1600,80,42,0.28,E,0.6,1,2.243074,80,91aac4b00b96523,make -B CXX=g++ CXXFLAGS=-O2 -std=c++17 -Wall -Wextra -pedantic,./incendio --measure --rows 1600 --cols 1600 --steps 80 --seed 42 --moisture .28 --wind-dir E --wind .6
Darwin,Apple M2 (arm64),Apple clang version 21.0.0 (clang-2100.1.1.101),-O2,1600,1600,80,42,0.28,E,0.6,2,2.260969,80,91aac4b00b96523,make -B CXX=g++ CXXFLAGS=-O2 -std=c++17 -Wall -Wextra -pedantic,./incendio --measure --rows 1600 --cols 1600 --steps 80 --seed 42 --moisture .28 --wind-dir E --wind .6
Darwin,Apple M2 (arm64),Apple clang version 21.0.0 (clang-2100.1.1.101),-O2,1600,1600,80,42,0.28,E,0.6,3,2.278895,80,91aac4b00b96523,make -B CXX=g++ CXXFLAGS=-O2 -std=c++17 -Wall -Wextra -pedantic,./incendio --measure --rows 1600 --cols 1600 --steps 80 --seed 42 --moisture .28 --wind-dir E --wind .6
Darwin,Apple M2 (arm64),Apple clang version 21.0.0 (clang-2100.1.1.101),-O2,1600,1600,160,42,0.28,E,0.6,1,4.421328,160,d1ea3854e9271e2d,make -B CXX=g++ CXXFLAGS=-O2 -std=c++17 -Wall -Wextra -pedantic,./incendio --measure --rows 1600 --cols 1600 --steps 160 --seed 42 --moisture .28 --wind-dir E --wind .6
Darwin,Apple M2 (arm64),Apple clang version 21.0.0 (clang-2100.1.1.101),-O2,1600,1600,160,42,0.28,E,0.6,2,4.459444,160,d1ea3854e9271e2d,make -B CXX=g++ CXXFLAGS=-O2 -std=c++17 -Wall -Wextra -pedantic,./incendio --measure --rows 1600 --cols 1600 --steps 160 --seed 42 --moisture .28 --wind-dir E --wind .6
Darwin,Apple M2 (arm64),Apple clang version 21.0.0 (clang-2100.1.1.101),-O2,1600,1600,160,42,0.28,E,0.6,3,4.541479,160,d1ea3854e9271e2d,make -B CXX=g++ CXXFLAGS=-O2 -std=c++17 -Wall -Wextra -pedantic,./incendio --measure --rows 1600 --cols 1600 --steps 160 --seed 42 --moisture .28 --wind-dir E --wind .6
