sistema,procesador,compilador,opciones,modo,filas,columnas,iteraciones,semilla,humedad,direccion,viento,repeticion,segundos,pasos_con_fuego,quemado_pct_total,afectado_pct_bosque,cell_bytes,buffers_bytes,humedad_s,fuego_s,resto_s,checksum,compilacion,ejecucion
Linux,aarch64,g++ (Ubuntu 13.3.0-6ubuntu2~24.04.1) 13.3.0,-O2,--measure,400,400,160,42,0.28,E,0.6,1,0.378134,160,36.516250,46.197359,8,2560000.000000,,,,af76df5a71b41599,make -B CXX=g++ 'CXXFLAGS=-O2 -ffp-contract=off -std=c++17 -Wall -Wextra -pedantic',./incendio --measure --rows 400 --cols 400 --steps 160 --seed 42 --moisture .28 --wind-dir E --wind .6
Linux,aarch64,g++ (Ubuntu 13.3.0-6ubuntu2~24.04.1) 13.3.0,-O2,--measure,400,400,160,42,0.28,E,0.6,2,0.383809,160,36.516250,46.197359,8,2560000.000000,,,,af76df5a71b41599,make -B CXX=g++ 'CXXFLAGS=-O2 -ffp-contract=off -std=c++17 -Wall -Wextra -pedantic',./incendio --measure --rows 400 --cols 400 --steps 160 --seed 42 --moisture .28 --wind-dir E --wind .6
Linux,aarch64,g++ (Ubuntu 13.3.0-6ubuntu2~24.04.1) 13.3.0,-O2,--measure,400,400,160,42,0.28,E,0.6,3,0.391803,160,36.516250,46.197359,8,2560000.000000,,,,af76df5a71b41599,make -B CXX=g++ 'CXXFLAGS=-O2 -ffp-contract=off -std=c++17 -Wall -Wextra -pedantic',./incendio --measure --rows 400 --cols 400 --steps 160 --seed 42 --moisture .28 --wind-dir E --wind .6
Linux,aarch64,g++ (Ubuntu 13.3.0-6ubuntu2~24.04.1) 13.3.0,-O2,--measure,800,800,160,42,0.28,E,0.6,1,1.691666,160,9.562812,12.156827,8,10240000.000000,,,,b5240d10a7955931,make -B CXX=g++ 'CXXFLAGS=-O2 -ffp-contract=off -std=c++17 -Wall -Wextra -pedantic',./incendio --measure --rows 800 --cols 800 --steps 160 --seed 42 --moisture .28 --wind-dir E --wind .6
Linux,aarch64,g++ (Ubuntu 13.3.0-6ubuntu2~24.04.1) 13.3.0,-O2,--measure,800,800,160,42,0.28,E,0.6,2,1.723946,160,9.562812,12.156827,8,10240000.000000,,,,b5240d10a7955931,make -B CXX=g++ 'CXXFLAGS=-O2 -ffp-contract=off -std=c++17 -Wall -Wextra -pedantic',./incendio --measure --rows 800 --cols 800 --steps 160 --seed 42 --moisture .28 --wind-dir E --wind .6
Linux,aarch64,g++ (Ubuntu 13.3.0-6ubuntu2~24.04.1) 13.3.0,-O2,--measure,800,800,160,42,0.28,E,0.6,3,1.874544,160,9.562812,12.156827,8,10240000.000000,,,,b5240d10a7955931,make -B CXX=g++ 'CXXFLAGS=-O2 -ffp-contract=off -std=c++17 -Wall -Wextra -pedantic',./incendio --measure --rows 800 --cols 800 --steps 160 --seed 42 --moisture .28 --wind-dir E --wind .6
Linux,aarch64,g++ (Ubuntu 13.3.0-6ubuntu2~24.04.1) 13.3.0,-O2,--measure,1200,1200,160,42,0.28,E,0.6,1,4.234598,160,4.314653,5.482579,8,23040000.000000,,,,9da737ce7c251f03,make -B CXX=g++ 'CXXFLAGS=-O2 -ffp-contract=off -std=c++17 -Wall -Wextra -pedantic',./incendio --measure --rows 1200 --cols 1200 --steps 160 --seed 42 --moisture .28 --wind-dir E --wind .6
Linux,aarch64,g++ (Ubuntu 13.3.0-6ubuntu2~24.04.1) 13.3.0,-O2,--measure,1200,1200,160,42,0.28,E,0.6,2,4.095919,160,4.314653,5.482579,8,23040000.000000,,,,9da737ce7c251f03,make -B CXX=g++ 'CXXFLAGS=-O2 -ffp-contract=off -std=c++17 -Wall -Wextra -pedantic',./incendio --measure --rows 1200 --cols 1200 --steps 160 --seed 42 --moisture .28 --wind-dir E --wind .6
Linux,aarch64,g++ (Ubuntu 13.3.0-6ubuntu2~24.04.1) 13.3.0,-O2,--measure,1200,1200,160,42,0.28,E,0.6,3,4.268754,160,4.314653,5.482579,8,23040000.000000,,,,9da737ce7c251f03,make -B CXX=g++ 'CXXFLAGS=-O2 -ffp-contract=off -std=c++17 -Wall -Wextra -pedantic',./incendio --measure --rows 1200 --cols 1200 --steps 160 --seed 42 --moisture .28 --wind-dir E --wind .6
Linux,aarch64,g++ (Ubuntu 13.3.0-6ubuntu2~24.04.1) 13.3.0,-O2,--measure,1600,1600,160,42,0.28,E,0.6,1,7.754170,160,2.451289,3.114394,8,40960000.000000,,,,94c0ea22a6a1fb35,make -B CXX=g++ 'CXXFLAGS=-O2 -ffp-contract=off -std=c++17 -Wall -Wextra -pedantic',./incendio --measure --rows 1600 --cols 1600 --steps 160 --seed 42 --moisture .28 --wind-dir E --wind .6
Linux,aarch64,g++ (Ubuntu 13.3.0-6ubuntu2~24.04.1) 13.3.0,-O2,--measure,1600,1600,160,42,0.28,E,0.6,2,7.138415,160,2.451289,3.114394,8,40960000.000000,,,,94c0ea22a6a1fb35,make -B CXX=g++ 'CXXFLAGS=-O2 -ffp-contract=off -std=c++17 -Wall -Wextra -pedantic',./incendio --measure --rows 1600 --cols 1600 --steps 160 --seed 42 --moisture .28 --wind-dir E --wind .6
Linux,aarch64,g++ (Ubuntu 13.3.0-6ubuntu2~24.04.1) 13.3.0,-O2,--measure,1600,1600,160,42,0.28,E,0.6,3,7.558775,160,2.451289,3.114394,8,40960000.000000,,,,94c0ea22a6a1fb35,make -B CXX=g++ 'CXXFLAGS=-O2 -ffp-contract=off -std=c++17 -Wall -Wextra -pedantic',./incendio --measure --rows 1600 --cols 1600 --steps 160 --seed 42 --moisture .28 --wind-dir E --wind .6
Linux,aarch64,g++ (Ubuntu 13.3.0-6ubuntu2~24.04.1) 13.3.0,-O2,--measure,1600,1600,40,42,0.28,E,0.6,1,1.844073,40,0.123164,0.188491,8,40960000.000000,,,,7329658883a965f6,make -B CXX=g++ 'CXXFLAGS=-O2 -ffp-contract=off -std=c++17 -Wall -Wextra -pedantic',./incendio --measure --rows 1600 --cols 1600 --steps 40 --seed 42 --moisture .28 --wind-dir E --wind .6
Linux,aarch64,g++ (Ubuntu 13.3.0-6ubuntu2~24.04.1) 13.3.0,-O2,--measure,1600,1600,40,42,0.28,E,0.6,2,2.027594,40,0.123164,0.188491,8,40960000.000000,,,,7329658883a965f6,make -B CXX=g++ 'CXXFLAGS=-O2 -ffp-contract=off -std=c++17 -Wall -Wextra -pedantic',./incendio --measure --rows 1600 --cols 1600 --steps 40 --seed 42 --moisture .28 --wind-dir E --wind .6
Linux,aarch64,g++ (Ubuntu 13.3.0-6ubuntu2~24.04.1) 13.3.0,-O2,--measure,1600,1600,40,42,0.28,E,0.6,3,1.800577,40,0.123164,0.188491,8,40960000.000000,,,,7329658883a965f6,make -B CXX=g++ 'CXXFLAGS=-O2 -ffp-contract=off -std=c++17 -Wall -Wextra -pedantic',./incendio --measure --rows 1600 --cols 1600 --steps 40 --seed 42 --moisture .28 --wind-dir E --wind .6
Linux,aarch64,g++ (Ubuntu 13.3.0-6ubuntu2~24.04.1) 13.3.0,-O2,--measure,1600,1600,80,42,0.28,E,0.6,1,3.498645,80,0.573828,0.771770,8,40960000.000000,,,,146cf3144120d773,make -B CXX=g++ 'CXXFLAGS=-O2 -ffp-contract=off -std=c++17 -Wall -Wextra -pedantic',./incendio --measure --rows 1600 --cols 1600 --steps 80 --seed 42 --moisture .28 --wind-dir E --wind .6
Linux,aarch64,g++ (Ubuntu 13.3.0-6ubuntu2~24.04.1) 13.3.0,-O2,--measure,1600,1600,80,42,0.28,E,0.6,2,3.608574,80,0.573828,0.771770,8,40960000.000000,,,,146cf3144120d773,make -B CXX=g++ 'CXXFLAGS=-O2 -ffp-contract=off -std=c++17 -Wall -Wextra -pedantic',./incendio --measure --rows 1600 --cols 1600 --steps 80 --seed 42 --moisture .28 --wind-dir E --wind .6
Linux,aarch64,g++ (Ubuntu 13.3.0-6ubuntu2~24.04.1) 13.3.0,-O2,--measure,1600,1600,80,42,0.28,E,0.6,3,3.696612,80,0.573828,0.771770,8,40960000.000000,,,,146cf3144120d773,make -B CXX=g++ 'CXXFLAGS=-O2 -ffp-contract=off -std=c++17 -Wall -Wextra -pedantic',./incendio --measure --rows 1600 --cols 1600 --steps 80 --seed 42 --moisture .28 --wind-dir E --wind .6
Linux,aarch64,g++ (Ubuntu 13.3.0-6ubuntu2~24.04.1) 13.3.0,-O2,--measure,1600,1600,120,42,0.28,E,0.6,1,5.887040,120,1.349844,1.749460,8,40960000.000000,,,,b795dd67f677029e,make -B CXX=g++ 'CXXFLAGS=-O2 -ffp-contract=off -std=c++17 -Wall -Wextra -pedantic',./incendio --measure --rows 1600 --cols 1600 --steps 120 --seed 42 --moisture .28 --wind-dir E --wind .6
Linux,aarch64,g++ (Ubuntu 13.3.0-6ubuntu2~24.04.1) 13.3.0,-O2,--measure,1600,1600,120,42,0.28,E,0.6,2,5.760677,120,1.349844,1.749460,8,40960000.000000,,,,b795dd67f677029e,make -B CXX=g++ 'CXXFLAGS=-O2 -ffp-contract=off -std=c++17 -Wall -Wextra -pedantic',./incendio --measure --rows 1600 --cols 1600 --steps 120 --seed 42 --moisture .28 --wind-dir E --wind .6
Linux,aarch64,g++ (Ubuntu 13.3.0-6ubuntu2~24.04.1) 13.3.0,-O2,--measure,1600,1600,120,42,0.28,E,0.6,3,5.242870,120,1.349844,1.749460,8,40960000.000000,,,,b795dd67f677029e,make -B CXX=g++ 'CXXFLAGS=-O2 -ffp-contract=off -std=c++17 -Wall -Wextra -pedantic',./incendio --measure --rows 1600 --cols 1600 --steps 120 --seed 42 --moisture .28 --wind-dir E --wind .6
Linux,aarch64,g++ (Ubuntu 13.3.0-6ubuntu2~24.04.1) 13.3.0,-O2,--profile,1600,1600,160,42,0.28,E,0.6,1,7.193709,160,2.451289,3.114394,8,40960000.000000,3.251389,3.942267,0.000054,94c0ea22a6a1fb35,make -B CXX=g++ 'CXXFLAGS=-O2 -ffp-contract=off -std=c++17 -Wall -Wextra -pedantic',./incendio --profile --rows 1600 --cols 1600 --steps 160 --seed 42 --moisture .28 --wind-dir E --wind .6
Linux,aarch64,g++ (Ubuntu 13.3.0-6ubuntu2~24.04.1) 13.3.0,-O2,--profile,1600,1600,160,42,0.28,E,0.6,2,7.324050,160,2.451289,3.114394,8,40960000.000000,3.250678,4.073318,0.000054,94c0ea22a6a1fb35,make -B CXX=g++ 'CXXFLAGS=-O2 -ffp-contract=off -std=c++17 -Wall -Wextra -pedantic',./incendio --profile --rows 1600 --cols 1600 --steps 160 --seed 42 --moisture .28 --wind-dir E --wind .6
Linux,aarch64,g++ (Ubuntu 13.3.0-6ubuntu2~24.04.1) 13.3.0,-O2,--profile,1600,1600,160,42,0.28,E,0.6,3,7.519510,160,2.451289,3.114394,8,40960000.000000,3.261980,4.257478,0.000052,94c0ea22a6a1fb35,make -B CXX=g++ 'CXXFLAGS=-O2 -ffp-contract=off -std=c++17 -Wall -Wextra -pedantic',./incendio --profile --rows 1600 --cols 1600 --steps 160 --seed 42 --moisture .28 --wind-dir E --wind .6
